{
  "accuracy": 0.99293,
  "f1_macro": 0.9929152618168218,
  "precision_macro": 0.9928934235292862,
  "recall_macro": 0.9929375798741242
}