model,accuracy,f1_macro
tfidf,0.5117,0.37180821679226495
xgboost,0.9485,0.9484931882241426
codebert,0.9931,0.9930999966189984
