{
  "accuracy": 0.65609,
  "f1_macro": 0.6251751609000471,
  "precision_macro": 0.6996242270581849,
  "recall_macro": 0.6442196430275586
}